-- phpMyAdmin SQL Dump
-- version 5.2.0
-- https://www.phpmyadmin.net/
--
-- Host: 127.0.0.1
-- Generation Time: Apr 16, 2023 at 12:47 AM
-- Server version: 10.4.25-MariaDB
-- PHP Version: 8.1.10


/*!40101 SET @OLD_CHARACTER_SET_CLIENT=@@CHARACTER_SET_CLIENT */;
/*!40101 SET @OLD_CHARACTER_SET_RESULTS=@@CHARACTER_SET_RESULTS */;
/*!40101 SET @OLD_COLLATION_CONNECTION=@@COLLATION_CONNECTION */;
/*!40101 SET NAMES utf8mb4 */;

--
-- Database: `swh_db`
--

-- --------------------------------------------------------


INSERT INTO `accounts` (`username`, `password`, `permission`) VALUES
('Adamam', 'adamlnwza007', 'customer'),
('admin', 'password', 'admin'),
('kexonon196', 'wotifot322', 'customer'),
('lifijim100', 'lahisi8207', 'customer'),
('lnwza007', 'kiritoasuna', 'customer'),
('mofemid708', '2622544n', 'customer'),
('pibos18418', 'waxog29524', 'customer'),
('sexifoh594', 'xogir19739', 'customer'),
('tavoli9672', 'bamoti8439', 'customer'),
('tedovo2007', 'nasov98517', 'customer'),
('vacav31064', 'rofoha7157', 'customer'),
('wabipi7495', 'limipix105', 'customer'),
('xasicip138@iopmail.com', 'jevesel309', 'customer');

INSERT INTO `employees` (`employee_id`, `first_name`, `last_name`, `email`, `phone_number`, `job`, `salary`) VALUES
(0000000001, 'Louise', 'Doran', 'gefagi8557@oriwijn.com', '1010126854', 'Manager', 75000),
(0000000002, 'Sarath', 'Sewall', 'tigiro6884@oriwijn.com', '564-98-256', 'Manager', 70000),
(0000000003, 'Vishney', 'CVISHNEY', 'jayek59389@katamo1.com', '131-68-404', 'Programmer', 105000),
(0000000004, 'Danielle', 'Greene', 'detivok663@oriwijn.com', '495-88-540', 'Programmer', 95000),
(0000000005, 'Mattea', 'Marvins', 'gojam17010@katamo1.com', '920-32-870', 'Programmer', 72000),
(0000000006, 'David', 'Lee', 'yewesib489@katamo1.com', '813-11-639', 'Programmer', 68000),
(0000000007, 'Sundar', 'Ande', 'jakon59819@iopmail.com', '541-67-092', 'Programmer', 64000),
(0000000008, 'Amit', 'Banda', 'hoxaya3033@iopmail.com', '706-73-384', 'Programmer', 62000),
(0000000009, 'Lisa', 'Ozer', 'daxigi3772@katamo1.com', '481-35-860', 'Programmer', 115000),
(0000000010, 'Harrison', 'Bloom', 'rixayih606@iopmail.com', '093-17-070', 'Programmer', 100000),
(0000000011, 'Steven', 'King', 'befoca5117@coalamails.com', '467-72-217', 'Programmer', 24000),
(0000000012, 'Neena', 'Kochhar', 'toxon99705@iopmail.com', '179-27-242', 'Programmer', 17000),
(0000000013, 'Lex', 'De Haan', 'De_Haan@iopmail.com', '618-79-515', 'Tester', 17000),
(0000000014, 'Alexander', 'Hunold', 'arnold66@katamo1.com', '462-38-767', 'Tester', 90000),
(0000000015, 'Bruce', 'Ernst', 'Ernst@coalamails.com', '264-91-368', 'Tester', 60000),
(0000000016, 'David', 'David', 'daviddgera@iopmail.com', '025-69-896', 'Tester', 48000),
(0000000017, 'Valli', 'Pataballa', 'Pataballaazpa@oriwijn.com', '239-42-355', 'Analyst', 48000),
(0000000018, 'Diana', 'Lorentz', 'Di0jotora@whmailtop.com', '496-43-350', 'Analyst', 42000),
(0000000019, 'Nancy', 'Nancy', 'Nancy@tgres24.com', '016-82-976', 'Analyst', 12000),
(0000000020, 'Daniel', 'Daniel', 'Danieljame@mailop7.com', '731-80-270', 'Analyst', 90000);

INSERT INTO `teams` (`team_name`, `total_members`, `total_projects`) VALUES
('Agile Avengers', 4, 0),
('Binary Brigade', 5, 0),
('Bit Bandits', 5, 0),
('Code Crusaders', 4, 0),
('Code Wizards', 4, 0),
('Dev Dream Team', 5, 0),
('Digital Dynamos', 4, 0),
('Pixel Pirates', 4, 0),
('Programmers\' Paradise', 3, 0),
('Tech Titans', 4, 0);

INSERT INTO `team_members` (`team_members_id`, `team_name`, `employee_id`, `role`) VALUES
(0000000001, 'Agile Avengers', 0000000001, 'Manager'),
(0000000002, 'Agile Avengers', 0000000011, 'Programmer'),
(0000000003, 'Agile Avengers', 0000000018, 'Tester'),
(0000000004, 'Agile Avengers', 0000000002, 'Analyst'),
(0000000005, 'Binary Brigade', 0000000002, 'Manager'),
(0000000006, 'Binary Brigade', 0000000016, 'Programmer'),
(0000000007, 'Binary Brigade', 0000000020, 'Programmer'),
(0000000008, 'Binary Brigade', 0000000014, 'Tester'),
(0000000009, 'Binary Brigade', 0000000019, 'Analyst'),
(0000000010, 'Bit Bandits', 0000000001, 'Manager'),
(0000000011, 'Bit Bandits', 0000000003, 'Programmer'),
(0000000012, 'Bit Bandits', 0000000012, 'Programmer'),
(0000000013, 'Bit Bandits', 0000000014, 'Tester'),
(0000000014, 'Bit Bandits', 0000000018, 'Analyst'),
(0000000015, 'Code Crusaders', 0000000003, 'Programmer'),
(0000000016, 'Code Crusaders', 0000000004, 'Manager'),
(0000000017, 'Code Crusaders', 0000000012, 'Tester'),
(0000000018, 'Code Crusaders', 0000000019, 'Analyst'),
(0000000019, 'Code Wizards', 0000000012, 'Programmer'),
(0000000020, 'Code Wizards', 0000000001, 'Manager'),
(0000000021, 'Code Wizards', 0000000020, 'Analyst'),
(0000000022, 'Code Wizards', 0000000017, 'Analyst'),
(0000000023, 'Dev Dream Team', 0000000002, 'Manager'),
(0000000024, 'Dev Dream Team', 0000000011, 'Programmer'),
(0000000025, 'Dev Dream Team', 0000000010, 'Programmer'),
(0000000026, 'Dev Dream Team', 0000000019, 'Analyst'),
(0000000027, 'Dev Dream Team', 0000000015, 'Tester'),
(0000000028, 'Digital Dynamos', 0000000001, 'Manager'),
(0000000029, 'Digital Dynamos', 0000000005, 'Programmer'),
(0000000030, 'Digital Dynamos', 0000000013, 'Tester'),
(0000000031, 'Digital Dynamos', 0000000016, 'Analyst'),
(0000000032, 'Pixel Pirates', 0000000002, 'Manager'),
(0000000033, 'Pixel Pirates', 0000000012, 'Programmer'),
(0000000034, 'Pixel Pirates', 0000000015, 'Tester'),
(0000000035, 'Pixel Pirates', 0000000020, 'Analyst'),
(0000000036, 'Programmers\' Paradise', 0000000018, 'Manager'),
(0000000037, 'Programmers\' Paradise', 0000000019, 'Programmer'),
(0000000038, 'Programmers\' Paradise', 0000000020, 'Tester'),
(0000000039, 'Tech Titans', 0000000015, 'Manager'),
(0000000040, 'Tech Titans', 0000000016, 'Manager'),
(0000000041, 'Tech Titans', 0000000020, 'Programmer'),
(0000000042, 'Tech Titans', 0000000019, 'Analyst');

INSERT INTO `requirements` (`requirement_id`, `username`, `projectname`, `detail`, `budget`, `contact`, `require_timestamp`, `requirement_status`) VALUES
(0000000003, 'lifijim100', 'SmartTrack', 'SmartTrack เป็นโปรแกรมที่ออกแบบมาเพื่อช่วยในการติดตามและจัดการโครงการในองค์กรหรือบริษัท โดยมีคุณสมบัติเด่นคือการเชื่อมต่อและการแชร์ข้อมูลระหว่างทีมงานได้อย่างมีประสิทธิภาพ นอกจากนี้ยังมีฟังก์ชันการจัดการและติดตามงบประมาณโครงการเพื่อช่วยในการควบคุมค่าใช้จ่ายของโครงการ และรายงานผลการดำเนินงานที่ชัดเจนและเข้าใจง่าย', '$50,000 - $100,000', 'lifijim100@whmailtop.com', '2023-04-15 21:37:22', 'In progress'),
(0000000004, 'tedovo2007', 'DataSense', 'DataSense เป็นโปรแกรมที่ช่วยในการวิเคราะห์และจัดการข้อมูลขององค์กร โดยมีคุณสมบัติเด่นคือการสกัดข้อมูลที่สำคัญและเป็นประโยชน์จากชุดข้อมูลที่ใหญ่มาก นอกจากนี้ยังมีฟังก์ชันการสร้างกราฟและเส้นทางการเชื่อมโยงข้อมูลที่ชัดเจนเพื่อช่วยในการวิเคราะห์และอธิบายข้อมูลได้อย่างเหมาะสม และระบบควบคุมการเข้าถึงข้อมูลที่มีความปลอดภัยเพื่อป้องกันการเข้าถึงข้อมูลที่ไม่ได้รับอนุญาต', '100,000 - 200,000 บาท', 'tedovo2007@coalamails.com', '2023-04-15 22:13:53', 'In progress'),
(0000000005, 'kexonon196', 'e-Health Hub', 'e-Health Hub เป็นโปรแกรมที่ออกแบบมาเพื่อช่วยในการจัดการและปรับปรุงระบบบริการด้านสุขภาพของโรงพยาบาลหรือสถานพยาบาล โดยมีคุณสมบัติเด่นคือการเชื่อมต่อและการแชร์ข้อมูลระหว่างแพทย์และผู้ป่วยโดยตรง การจัดการนัดหมายและตารางเวรของแพทย์และพยาบาล การบันทึกประวัติการรักษาและการวินิจฉัยผ่านทางระบบอิเล็กทรอนิกส์เพื่อลดการใช้กระดาษ และฟังก์ชันการแจ้งเตือนและการแก้ไขปัญหาเพื่อความเป็นมาตรฐานของบริการสุขภาพ', '200,000 - 500,000 บาท', 'kexonon196@iopmail.com', '2023-04-15 22:14:54', 'In progress'),
(0000000006, 'wabipi7495', 'Smart Waste Management System', 'Smart Waste Management System เป็นโปรแกรมที่ออกแบบมาเพื่อช่วยในการจัดการกับปัญหาการจัดการของขยะในเมือง โดยใช้เทคโนโลยีอินเทอร์เน็ตของสิ่งของ (IoT) และการใช้เซ็นเซอร์เพื่อตรวจจับระดับความเต็มของถังขยะ และส่งข้อมูลไปยังศูนย์ควบคุม โดยโปรแกรมจะแจ้งเตือนผู้ดูแลถังขยะเมื่อถังเต็ม และทำการจัดเก็บขยะเพื่อลดการรั่วไหลและการส่งเสียงดังๆ ที่รบกวนคนในชุมชน นอกจากนี้โปรแกรมยังมีฟังก์ชันการรายงานข้อมูลเพื่อช่วยในการวิเคราะห์และวางแผนการจัดการขยะให้เหมาะสมกับสภาพแวดล้อมในแต่ละพื้นที่', '50,000 - 100,000 บาท', 'wabipi7495@oriwijn.com', '2023-04-15 20:14:01', 'Not started'),
(0000000007, 'mofemid708', 'Virtual Wardrobe Management Sy', 'Virtual Wardrobe Management System เป็นโปรแกรมที่ออกแบบมาเพื่อช่วยในการจัดการเสื้อผ้าของผู้ใช้ โดยผู้ใช้สามารถถ่ายภาพเสื้อผ้าทั้งหมดในตู้เสื้อผ้าแล้วอัปโหลดไปยังโปรแกรม โดยโปรแกรมจะทำการวิเคราะห์และจัดเก็บข้อมูลเสื้อผ้าต่างๆ ให้ผู้ใช้สามารถทราบถึงขนาด เนื้อผ้า สี ราคา และวันที่ใช้ล่าสุดของแต่ละชิ้นเสื้อผ้าได้ โดยผู้ใช้สามารถเลือกเสื้อผ้าที่จะใส่ในแต่ละวันได้จากโปรแกรม โดยทำให้ผู้ใช้ประหยัดเวลาในการค้นหาเสื้อผ้าและจัดการตู้เสื้อผ้า นอกจากนี้ โปรแกรมยังสามารถเสนอเสื้อผ้าที่เหมาะสมกับสไตล์และสภาพอากาศในแต่ละวันได้ด้วย', '50,000 บาท', 'mofemid708@katamo1.com', '2023-04-15 22:16:27', 'In progress'),
(0000000008, 'xasicip138@iopmail.com', 'Smart Home Automation System', 'โปรแกรมที่ออกแบบมาเพื่อช่วยในการควบคุมอุปกรณ์ในบ้าน โดยผู้ใช้สามารถควบคุมได้ทั้งแบบอัตโนมัติและควบคุมด้วยตัวเองผ่านโทรศัพท์มือถือหรือแท็บเล็ต โดยโปรแกรมสามารถควบคุมได้หลากหลายอุปกรณ์เช่น ไฟฟ้า การเปิดปิดที่ตัวแอร์ หรือการเปิดปิดประตูหน้าบ้าน โดยการใช้เทคโนโลยี IoT ผู้ใช้สามารถตั้งเวลาให้อุปกรณ์ต่างๆ เปิดหรือปิดตามเวลาที่ต้องการได้ นอกจากนี้ โปรแกรมยังสามารถรายงานสถานะการใช้งานอุปกรณ์ในบ้านแก่ผู้ใช้ได้เช่นกัน ทำให้ผู้ใช้สามารถควบคุมการใช้งานได้อย่างมีประสิทธิภาพและประหยัดพลังงาน', '80,000 บาท', 'xasicip138@iopmail.com', '2023-04-15 22:18:55', 'In progress'),
(0000000009, 'sexifoh594', 'e-Commerce Platform for Local ', 'โปรแกรมที่ช่วยเหลือศิลปินและช่างฝีมือในพื้นที่ในการขายผลงานที่สร้างจากมือตัวเองผ่านทางออนไลน์ โดยผู้ใช้สามารถเลือกซื้อผลิตภัณฑ์จากศิลปินที่ตนเองชื่นชอบได้ทั้งหมดในแอพพลิเคชั่นเดียว รวมถึงสามารถสั่งสินค้าผ่านออนไลน์และทำการชำระเงินได้ด้วยตัวเองผ่านระบบชำระเงินทางออนไลน์ที่มีอยู่ทั้งหมด เช่น PayPal, Stripe หรือการโอนเงินผ่านธนาคารออนไลน์', '$20,000 - $50,000 ขึ้นอยู่กับค', 'sexifoh594@iopmail.com', '2023-04-15 22:22:19', 'In progress'),
(0000000010, 'tavoli9672', 'Smart Parking System', 'โปรแกรมที่ช่วยเหลือการจองที่จอดรถในพื้นที่สาธารณะ โดยผู้ใช้สามารถดูสถานะการใช้งานที่จอดรถได้ในเวลาจริงผ่านทางแอพพลิเคชั่น และสามารถจองที่จอดรถได้ล่วงหน้าก่อนเข้ามาในพื้นที่ ระบบจะแจ้งเตือนผู้ใช้งานเมื่อมีที่ว่างที่จอดรถใกล้เคียงกับตำแหน่งที่ผู้ใช้งานได้เลือกไว้ ซึ่งช่วยลดปัญหาการหาที่จอดรถในพื้นที่สาธารณะ ทั้งนี้ โปรแกรม Smart Parking System นั้นสามารถใช้งานได้กับหลายๆ โมดูลหรืออุปกรณ์เช่น Raspberry Pi, Arduino หรือหลายๆ เซ็นเซอร์ ซึ่งมีความสามารถในการตรวจจับรถของผู้ใช้งานที่จอดอยู่ รวมถึงสามารถเชื่อมต่อกับระบบอื่นๆ เช่น ระบบการชำระเงินผ่านแอพพลิเคชั่น, และระบบเพื่อการจัดการข้อมูลผู้ใช้งานต่างๆ โดยทั้งหมดนี้ต้องการการพัฒนาระบบโปรแกรมเพื่อรองรับและปรับปรุงตามความต้องการของผู้ใช้งาน เช่นการพัฒนาระบบเพิ่มเติมเพื่อเพิ่มประสิทธิภาพการใช้งานและการบริหารจัดการที่มีประสิทธิภาพ', '50000 บาท', 'tavoli9672@oriwijn.com', '2023-04-15 22:43:59', 'In progress'),
(0000000011, 'vacav31064', 'Virtual Interior Designer', 'โปรแกรมที่ช่วยในการออกแบบภายในบ้านหรืออพาร์ทเม้นท์ โดยผู้ใช้สามารถสร้างแผนผังและจัดวางเฟอร์นิเจอร์ในห้องต่างๆ ตามที่ต้องการ โดยใช้งานผ่านทางแอพพลิเคชั่นบนสมาร์ทโฟนหรือคอมพิวเตอร์ โดยโปรแกรมนี้จะมีฟีเจอร์การออกแบบแบบ 3 มิติ ซึ่งจะช่วยให้ผู้ใช้งานสามารถดูภาพจำลองของห้องได้ในมุมมองที่ครบถ้วน รวมถึงฟีเจอร์ที่ช่วยในการเลือกเฟอร์นิเจอร์และอุปกรณ์ตกแต่งภายในห้องต่างๆ ซึ่งสามารถค้นหาได้จากฐานข้อมูลของโปรแกรม ทั้งนี้ผู้ใช้งานสามารถสร้างแผนผังหลายรูปแบบและเปรียบเทียบกันได้ เพื่อให้ได้แผนผังที่เหมาะสมกับความต้องการของผู้ใช้งาน', '10,000 - 20,000', 'vacav31064@katamo1.com', '2023-04-15 22:24:13', 'In progress'),
(0000000012, 'pibos18418', 'Smart Health Tracker', 'โปรแกรมที่ช่วยในการติดตามสุขภาพของผู้ใช้งาน โดยสามารถระบุเป้าหมายการออกกำลังกายและการบริโภคอาหารของผู้ใช้งานได้ โปรแกรมนี้จะทำการเก็บข้อมูลการออกกำลังกายของผู้ใช้งานตลอดวัน รวมถึงจำนวนแคลอรี่ที่บริโภคเข้าไปในร่างกาย และน้ำหนักที่ถูกชั่งวัด โดยโปรแกรมจะทำการวิเคราะห์ข้อมูลเหล่านี้และแสดงผลสรุปผ่านทางแอพพลิเคชั่นบนสมาร์ทโฟน ผู้ใช้งานสามารถดูข้อมูลแบบกราฟและรายงานเพื่อติดตามความคืบหน้าของเป้าหมายที่ตั้งไว้ได้ ซึ่งโปรแกรมนี้จะมีฟีเจอร์การแนะนำอาหารที่เหมาะสมต่อเป้าหมายการลดน้ำหนักหรือการควบคุมน้ำหนักของผู้ใช้งานด้วย ทั้งนี้ผู้ใช้งานสามารถเชื่อมต่อกับอุปกรณ์ wearable เพื่อติดตามข้อมูลการออกกำลังกายและสุขภาพได้อีกด้วย', '$5,000 - $10,000', 'pibos18418@whmailtop.com', '2023-04-15 22:43:39', 'In progress'),
(0000000014, 'kexonon196', 'BookEasy', 'อยากได้โปรแกรมช่วยลดภาระงานในการจัดการการจองห้องพักในโรงแรม โดยมีฟังก์ชั่นการทำงานหลัก ได้แก่ การเพิ่มข้อมูลห้องพัก การบริหารจัดการการจองห้องพัก การออกใบแจ้งหนี้และใบเสร็จรับเงิน รวมถึงระบบจัดการการชำระเงินออนไลน์ด้วยระบบชำระเงินผ่านบัตรเครดิต ซึ่งทำให้ลูกค้าสามารถชำระเงินได้อย่างสะดวกสบาย', '500,000 บาท', 'kexonon196@iopmail.com', '2023-04-15 22:46:38', 'In progress');

INSERT INTO `comments` (`comment_id`, `requirement_id`, `username`, `message`, `comment_timestamp`) VALUES
(0000000001, 0000000003, 'admin', 'ต้องการประมาณแบบเว็บพวกเราเลยใช่ไหมครับ', '2023-04-15 22:12:11'),
(0000000002, 0000000004, 'admin', 'องค์กรที่จะใช้เป็นองค์กรแบบไหนครับ', '2023-04-15 22:13:30'),
(0000000003, 0000000008, 'admin', '', '2023-04-15 22:19:47'),
(0000000004, 0000000008, 'admin', 'ขอไปดูที่บ้านได้ไหมครับ', '2023-04-15 22:20:03'),
(0000000005, 0000000011, 'admin', 'ขอไปดูสถานที่ได้ไหม', '2023-04-15 22:24:58'),
(0000000006, 0000000005, 'kexonon196', 'สวัสดีครับ', '2023-04-15 22:25:46'),
(0000000007, 0000000005, 'kexonon196', 'ขอบคุณครับผม', '2023-04-15 22:26:22'),
(0000000008, 0000000003, 'lifijim100', 'ใช่ค่ะ คล้ายๆแบบของพวกพี่เลยค่ะ', '2023-04-15 22:27:41'),
(0000000009, 0000000004, 'tedovo2007', 'เกี่ยวกับการซื้อขายหุ้นครับ', '2023-04-15 22:32:22'),
(0000000010, 0000000011, 'vacav31064', 'ได้ครับ เดี๋ยวส่งที่อยู่ไปนะครับ', '2023-04-15 22:33:14'),
(0000000011, 0000000006, 'wabipi7495', 'ยังมีคนรับทำไหมคะ?', '2023-04-15 22:33:45'),
(0000000012, 0000000008, 'xasicip138@iopmail.com', 'ได้เลยค่ะ >< ', '2023-04-15 22:34:24'),
(0000000013, 0000000003, 'admin', 'รับทราบครับ', '2023-04-15 22:35:49'),
(0000000014, 0000000008, 'admin', 'อยู่ที่ไหนครับ จะรีบไปหาเลยครับ', '2023-04-15 22:39:01'),
(0000000015, 0000000011, 'admin', 'สะดวกวันไหนหรอครับ', '2023-04-15 22:39:30'),
(0000000016, 0000000009, 'admin', 'สะดวกติดต่อทางไหนครับ', '2023-04-15 22:41:52');

INSERT INTO `projects` (`project_id`, `requirement_id`, `team_name`, `deadline`) VALUES
(0000000001, 0000000003, 'Agile Avengers', '2023-04-25'),
(0000000002, 0000000004, 'Tech Titans', '2024-02-24'),
(0000000003, 0000000005, 'Binary Brigade', '2024-03-30'),
(0000000004, 0000000007, 'Tech Titans', '2023-06-24'),
(0000000005, 0000000008, 'Digital Dynamos', '2023-06-23'),
(0000000006, 0000000009, 'Programmers\' Paradise', '2023-06-24'),
(0000000007, 0000000011, 'Code Wizards', '2023-06-16'),
(0000000009, 0000000012, 'Code Crusaders', '2023-11-02'),
(0000000010, 0000000010, 'Pixel Pirates', '2023-06-17'),
(0000000011, 0000000014, 'Digital Dynamos', '2023-07-22');

INSERT INTO `project_status` (`project_status_id`, `project_id`, `status_message`, `status_timestamp`) VALUES
(0000000001, 0000000001, 'อยู่ในขั้นตอนวิเคราะห์ระบบ', '2023-04-15 22:10:40'),
(0000000002, 0000000003, 'ทำการวิเคราห์ระบบ', '2023-04-15 22:15:13'),
(0000000003, 0000000004, 'อยู่ขั้นการวิเคราะห์ระบบ', '2023-04-15 22:17:41'),
(0000000004, 0000000005, 'ทำการวืเคราะห์ระบบ', '2023-04-15 22:19:46'),
(0000000005, 0000000006, 'กำลังวิเคราห์ระบบที่จะสร้าง', '2023-04-15 22:23:14'),
(0000000006, 0000000007, 'ทำการวิเคราะห์ระบบ', '2023-04-15 22:24:25'),
(0000000007, 0000000001, 'กำลังออกแบบระบบ', '2023-04-15 22:36:07'),
(0000000008, 0000000002, 'อยู่ในขั้นตอนวิเคราะห์ระบบ', '2023-04-15 22:36:39'),
(0000000009, 0000000003, 'กำลังทำการออกแบบ', '2023-04-15 22:40:15'),
(0000000010, 0000000006, 'กำลีงออกแบบระบบ', '2023-04-15 22:41:38');


/*!40101 SET CHARACTER_SET_CLIENT=@OLD_CHARACTER_SET_CLIENT */;
/*!40101 SET CHARACTER_SET_RESULTS=@OLD_CHARACTER_SET_RESULTS */;
/*!40101 SET COLLATION_CONNECTION=@OLD_COLLATION_CONNECTION */;